<?xml version="1.0"?>
<!DOCTYPE hibernate-mapping PUBLIC "-//Hibernate/Hibernate Mapping DTD 3.0//EN"
"http://hibernate.sourceforge.net/hibernate-mapping-3.0.dtd">
<!-- Generated 03/10/2019 14:13:34 by Hibernate Tools 3.5.0.Final -->
<hibernate-mapping>
    <class name="model.Item" table="ITEM">
        <id name="nome" type="java.lang.String">
            <column name="NOME" />
            <generator class="assigned" />
        </id>
        <property name="descr" type="java.lang.String">
            <column name="DESCR" />
        </property>
    </class>
</hibernate-mapping>
