<?xml version="1.0"?>
<!DOCTYPE hibernate-mapping PUBLIC "-//Hibernate/Hibernate Mapping DTD 3.0//EN"
"http://hibernate.sourceforge.net/hibernate-mapping-3.0.dtd">
<!-- Generated 01/10/2019 14:51:15 by Hibernate Tools 3.5.0.Final -->
<hibernate-mapping>
    <class name="model.Slot" table="SLOT">
        <id name="id" type="int">
            <column name="ID" />
            <generator class="assigned" />
        </id>
        <property name="item" type="java.lang.String">
            <column name="ITEM" />
        </property>
    </class>
</hibernate-mapping>
